label,exact_jaccard,minhash_estimate,absolute_error
same,0.337907,0.310298,0.027609
different,0.343299,0.369919,0.026620
same,0.341338,0.368564,0.027226
different,0.215347,0.228997,0.013651
different,0.300000,0.300813,0.000813
different,0.325373,0.367209,0.041836
different,0.222812,0.247967,0.025156
different,0.252857,0.237127,0.015730
same,0.314425,0.353659,0.039234
same,0.428058,0.415989,0.012068
same,0.637168,0.631436,0.005732
different,0.275676,0.292683,0.017007
different,0.288112,0.307588,0.019476
different,0.243863,0.227642,0.016220
different,0.256259,0.307588,0.051329
same,0.896714,0.925474,0.028761
different,0.272989,0.318428,0.045440
same,0.849224,0.856369,0.007145
different,0.355221,0.390244,0.035023
different,0.281879,0.303523,0.021644
different,0.280423,0.279133,0.001290
same,0.950549,0.959350,0.008800
different,0.308279,0.342818,0.034540
different,0.213303,0.265583,0.052280
same,0.877256,0.860434,0.016823
different,0.357743,0.355014,0.002730
different,0.315726,0.311653,0.004073
different,0.302057,0.333333,0.031277
different,0.314103,0.304878,0.009225
different,0.275930,0.276423,0.000493
different,0.325140,0.363144,0.038004
different,0.296552,0.333333,0.036782
different,0.213355,0.188347,0.025008
different,0.302632,0.350949,0.048317
different,0.329801,0.300813,0.028988
same,0.960825,0.962060,0.001235
different,0.327660,0.245257,0.082402
same,0.897516,0.906504,0.008989
different,0.244284,0.243902,0.000382
different,0.257576,0.239837,0.017738
same,0.820331,0.856369,0.036038
different,0.343413,0.341463,0.001949
different,0.314815,0.303523,0.011292
same,0.454751,0.444444,0.010307
different,0.225543,0.231707,0.006164
same,0.318542,0.302168,0.016374
different,0.285882,0.295393,0.009511
different,0.336766,0.330623,0.006143
different,0.329584,0.318428,0.011156
same,0.990476,0.990515,0.000039
same,0.966867,0.963415,0.003453
different,0.364322,0.371274,0.006952
different,0.254422,0.250678,0.003744
different,0.287483,0.318428,0.030945
different,0.237903,0.208672,0.029231
same,0.881329,0.880759,0.000570
same,0.915832,0.934959,0.019128
same,0.980870,0.975610,0.005260
different,0.221397,0.246612,0.025216
different,0.312500,0.257453,0.055047
same,0.873321,0.882114,0.008793
different,0.243086,0.211382,0.031704
different,0.230479,0.231707,0.001229
different,0.307350,0.327913,0.020564
different,0.281787,0.239837,0.041950
different,0.221818,0.256098,0.034279
same,0.317355,0.284553,0.032803
different,0.302591,0.300813,0.001778
different,0.257256,0.291328,0.034072
same,0.937107,0.932249,0.004858
different,0.317873,0.329268,0.011395
same,0.905482,0.922764,0.017282
different,0.289566,0.289973,0.000407
different,0.301260,0.318428,0.017168
different,0.250789,0.260163,0.009374
different,0.240323,0.250678,0.010355
different,0.271304,0.247967,0.023337
different,0.329305,0.346883,0.017578
different,0.307604,0.318428,0.010824
same,0.988506,0.989160,0.000654
different,0.368201,0.376694,0.008493
same,0.958333,0.939024,0.019309
different,0.219355,0.231707,0.012352
same,0.859023,0.880759,0.021736
different,0.273469,0.237127,0.036342
same,0.877133,0.890244,0.013111
different,0.239490,0.249322,0.009832
different,0.298569,0.319783,0.021215
same,0.398810,0.437669,0.038860
different,0.239193,0.243902,0.004709
same,0.926045,0.925474,0.000571
same,0.787194,0.821138,0.033944
same,0.975000,0.982385,0.007385
different,0.325817,0.329268,0.003451
different,0.382647,0.395664,0.013017
different,0.298343,0.265583,0.032760
different,0.291718,0.228997,0.062721
different,0.334862,0.338753,0.003891
different,0.305590,0.319783,0.014193
different,0.352349,0.361789,0.009440
different,0.225030,0.238482,0.013452
different,0.271390,0.280488,0.009097
different,0.277108,0.287263,0.010154
different,0.279793,0.302168,0.022375
different,0.339557,0.349593,0.010037
different,0.329341,0.246612,0.082729
same,0.912791,0.906504,0.006287
different,0.295742,0.308943,0.013201
same,0.891667,0.876694,0.014973
different,0.310843,0.368564,0.057720
different,0.388027,0.456640,0.068613
different,0.360520,0.382114,0.021594
different,0.313609,0.304878,0.008731
different,0.350168,0.387534,0.037366
different,0.283715,0.338753,0.055038
same,0.813472,0.819783,0.006312
different,0.211196,0.211382,0.000186
same,0.891501,0.909214,0.017713
same,0.986348,0.989160,0.002812
different,0.319378,0.323848,0.004470
different,0.248968,0.230352,0.018616
same,0.398852,0.387534,0.011318
different,0.279769,0.295393,0.015624
different,0.273616,0.256098,0.017518
different,0.254111,0.260163,0.006052
same,0.304147,0.329268,0.025121
same,0.973019,0.982385,0.009366
same,0.901049,0.920054,0.019005
same,0.706065,0.699187,0.006878
different,0.293798,0.313008,0.019211
different,0.265642,0.275068,0.009426
different,0.280098,0.277778,0.002321
same,0.879218,0.920054,0.040836
same,0.735294,0.720867,0.014427
different,0.242707,0.260163,0.017455
different,0.290909,0.269648,0.021261
same,0.922705,0.928184,0.005479
different,0.316375,0.284553,0.031822
different,0.372119,0.371274,0.000845
same,0.949349,0.957995,0.008646
different,0.263666,0.296748,0.033082
different,0.273352,0.279133,0.005781
different,0.315236,0.327913,0.012677
same,0.978078,0.983740,0.005662
different,0.249446,0.253388,0.003942
different,0.247177,0.273713,0.026536
different,0.251263,0.234417,0.016845
different,0.193410,0.219512,0.026102
different,0.300546,0.326558,0.026012
different,0.296534,0.279133,0.017401
different,0.247674,0.247967,0.000293
different,0.274611,0.260163,0.014449
different,0.302552,0.353659,0.051107
different,0.376728,0.376694,0.000034
different,0.286866,0.277778,0.009089
different,0.281170,0.308943,0.027773
different,0.202397,0.238482,0.036086
different,0.332317,0.346883,0.014566
different,0.252788,0.272358,0.019570
different,0.269822,0.277778,0.007955
different,0.277716,0.252033,0.025683
different,0.222527,0.223577,0.001050
same,0.675127,0.684282,0.009155
different,0.352480,0.345528,0.006952
same,0.927007,0.920054,0.006953
different,0.267806,0.285908,0.018102
different,0.240713,0.249322,0.008609
different,0.333333,0.364499,0.031165
different,0.300153,0.284553,0.015600
different,0.243421,0.264228,0.020807
different,0.307775,0.294038,0.013737
same,0.748201,0.741192,0.007009
different,0.231824,0.257453,0.025628
different,0.248705,0.280488,0.031783
different,0.235223,0.226287,0.008936
same,0.901235,0.909214,0.007980
different,0.197733,0.204607,0.006874
same,0.627078,0.689702,0.062624
same,0.878049,0.897019,0.018970
different,0.370986,0.403794,0.032808
different,0.210863,0.224932,0.014070
different,0.295547,0.295393,0.000154
different,0.312746,0.327913,0.015167
different,0.310289,0.327913,0.017624
same,0.912851,0.909214,0.003637
different,0.255814,0.257453,0.001639
different,0.297959,0.325203,0.027244
different,0.252802,0.245257,0.007545
different,0.234536,0.258808,0.024272
different,0.280822,0.296748,0.015926
different,0.223001,0.241192,0.018191
different,0.248207,0.224932,0.023274
different,0.299401,0.308943,0.009542
different,0.167160,0.157182,0.009978
different,0.341067,0.369919,0.028851
same,0.878403,0.895664,0.017261
same,0.888307,0.888889,0.000582
different,0.269821,0.115176,0.154645
different,0.319857,0.313008,0.006849
different,0.261104,0.285908,0.024804
different,0.201515,0.180217,0.021298
different,0.251740,0.268293,0.016553
same,0.905569,0.901084,0.004485
different,0.287313,0.292683,0.005369
different,0.223765,0.256098,0.032332
different,0.379616,0.355014,0.024602
different,0.316748,0.331978,0.015231
different,0.313034,0.355014,0.041979
same,0.885113,0.886179,0.001066
different,0.288762,0.302168,0.013406
same,0.367627,0.371274,0.003647
different,0.320755,0.275068,0.045687
different,0.297739,0.287263,0.010476
same,0.935435,0.936314,0.000879
different,0.381562,0.414634,0.033072
different,0.362733,0.365854,0.003121
different,0.222962,0.231707,0.008746
same,0.893142,0.907859,0.014717
different,0.287072,0.334688,0.047616
different,0.294910,0.317073,0.022163
different,0.217188,0.230352,0.013165
same,0.921162,0.928184,0.007022
different,0.316384,0.323848,0.007464
same,0.972477,0.985095,0.012618
different,0.219020,0.223577,0.004557
different,0.278121,0.298103,0.019982
different,0.285881,0.302168,0.016287
different,0.242336,0.235772,0.006563
same,0.382231,0.368564,0.013668
different,0.296254,0.284553,0.011701
different,0.279337,0.262873,0.016464
different,0.389241,0.376694,0.012547
different,0.204802,0.228997,0.024195
different,0.363636,0.387534,0.023898
different,0.253552,0.277778,0.024226
different,0.257437,0.233062,0.024375
different,0.248071,0.279133,0.031062
different,0.289377,0.273713,0.015665
different,0.265306,0.223577,0.041729
same,0.394231,0.375339,0.018892
same,0.682377,0.692412,0.010035
different,0.262679,0.298103,0.035424
different,0.225266,0.234417,0.009151
same,0.894737,0.909214,0.014477
different,0.251147,0.281843,0.030696
different,0.347966,0.344173,0.003792
different,0.322132,0.342818,0.020686
different,0.227045,0.256098,0.029052
same,1.000000,1.000000,0.000000
different,0.271465,0.283198,0.011733
different,0.297719,0.277778,0.019941
different,0.292560,0.241192,0.051367
same,0.347048,0.349593,0.002545
different,0.278059,0.273713,0.004346
same,0.931208,0.953930,0.022721
same,0.488414,0.470190,0.018224
different,0.367764,0.428184,0.060420
different,0.273750,0.277778,0.004028
different,0.258824,0.224932,0.033891
different,0.304582,0.337398,0.032816
different,0.261848,0.295393,0.033545
different,0.283848,0.288618,0.004770
different,0.313269,0.337398,0.024129
different,0.259001,0.261518,0.002516
different,0.344940,0.181572,0.163368
different,0.237925,0.247967,0.010043
different,0.284038,0.281843,0.002195
different,0.241420,0.238482,0.002938
same,0.913242,0.920054,0.006812
same,0.565401,0.608401,0.043000
different,0.257895,0.279133,0.021238
different,0.193591,0.205962,0.012371
same,0.882090,0.901084,0.018994
same,0.889868,0.899729,0.009861
different,0.288788,0.323848,0.035060
different,0.339690,0.378049,0.038359
same,0.969298,0.972900,0.003601
different,0.242117,0.253388,0.011270
same,0.903084,0.911924,0.008840
different,0.386468,0.406504,0.020036
same,0.967391,0.967480,0.000088
same,0.907914,0.926829,0.018916
same,0.973978,0.978320,0.004342
different,0.267133,0.287263,0.020130
same,0.962441,0.966125,0.003683
different,0.370986,0.376694,0.005708
different,0.303797,0.273713,0.030085
different,0.226629,0.249322,0.022694
different,0.308756,0.318428,0.009672
different,0.325733,0.308943,0.016790
same,0.896082,0.903794,0.007712
same,0.824373,0.811653,0.012720
same,0.773931,0.794038,0.020107
different,0.207268,0.147696,0.059571
different,0.329821,0.315718,0.014103
different,0.264151,0.268293,0.004142
same,0.497951,0.493225,0.004726
different,0.253117,0.254743,0.001625
different,0.299230,0.281843,0.017387
same,0.870968,0.878049,0.007081
different,0.305593,0.325203,0.019610
different,0.254545,0.254743,0.000197
different,0.322818,0.349593,0.026775
different,0.328375,0.281843,0.046532
different,0.275561,0.260163,0.015398
different,0.332176,0.341463,0.009287
same,0.875269,0.902439,0.027170
different,0.281100,0.308943,0.027843
different,0.287671,0.298103,0.010432
same,0.933168,0.952575,0.019406
different,0.254438,0.237127,0.017310
same,0.929688,0.940379,0.010692
same,0.578947,0.563686,0.015262
same,0.704584,0.766938,0.062354
same,0.927786,0.926829,0.000957
same,0.511692,0.494580,0.017112
different,0.368421,0.399729,0.031308
different,0.331307,0.359079,0.027772
different,0.292341,0.241192,0.051148
different,0.339420,0.326558,0.012862
different,0.211974,0.211382,0.000592
different,0.224520,0.246612,0.022093
different,0.275346,0.289973,0.014627
different,0.339644,0.376694,0.037050
different,0.213836,0.138211,0.075625
different,0.364198,0.294038,0.070160
different,0.261417,0.295393,0.033976
different,0.381347,0.398374,0.017027
different,0.254302,0.261518,0.007216
same,0.545198,0.531165,0.014032
same,0.933007,0.936314,0.003308
different,0.319624,0.321138,0.001514
same,0.836689,0.836043,0.000646
different,0.233073,0.262873,0.029800
same,0.933007,0.955285,0.022278
same,0.929260,0.939024,0.009764
different,0.277443,0.304878,0.027435
different,0.281588,0.313008,0.031420
different,0.224000,0.226287,0.002287
different,0.243812,0.283198,0.039386
same,0.972686,0.966125,0.006561
different,0.326558,0.353659,0.027100
same,0.987676,0.989160,0.001484
different,0.330913,0.342818,0.011906
different,0.369738,0.376694,0.006955
same,0.888099,0.883469,0.004631
same,0.936200,0.945799,0.009600
same,0.945302,0.955285,0.009983
different,0.260820,0.296748,0.035928
same,0.924335,0.937669,0.013334
different,0.336634,0.338753,0.002120
same,0.936137,0.952575,0.016437
different,0.232143,0.258808,0.026665
same,0.973094,0.979675,0.006581
same,0.300741,0.310298,0.009557
same,0.870340,0.899729,0.029389
different,0.213729,0.252033,0.038304
same,0.940000,0.963415,0.023415
different,0.251989,0.260163,0.008173
different,0.271255,0.252033,0.019223
same,0.971963,0.983740,0.011777
same,0.971483,0.981030,0.009547
different,0.263844,0.296748,0.032904
different,0.261377,0.258808,0.002569
different,0.285319,0.283198,0.002121
different,0.266361,0.300813,0.034453
same,0.937143,0.939024,0.001882
different,0.374768,0.413279,0.038511
different,0.314839,0.376694,0.061855
same,0.923497,0.921409,0.002088
different,0.261333,0.323848,0.062515
same,0.333893,0.348238,0.014346
different,0.259604,0.276423,0.016819
different,0.250617,0.233062,0.017555
different,0.277778,0.241192,0.036585
same,0.898305,0.887534,0.010771
different,0.239163,0.283198,0.044035
different,0.305239,0.307588,0.002349
different,0.298292,0.322493,0.024202
same,0.949387,0.971545,0.022158
different,0.306587,0.323848,0.017261
different,0.321212,0.344173,0.022961
different,0.313514,0.345528,0.032015
different,0.249326,0.188347,0.060979
different,0.311688,0.311653,0.000035
different,0.314548,0.331978,0.017430
different,0.352683,0.327913,0.024770
different,0.295065,0.272358,0.022708
different,0.251238,0.242547,0.008690
different,0.312500,0.303523,0.008977
different,0.345905,0.383469,0.037564
same,0.848659,0.852304,0.003645
different,0.317439,0.346883,0.029445
different,0.213162,0.226287,0.013126
different,0.263603,0.257453,0.006151
same,0.924908,0.936314,0.011406
different,0.278805,0.326558,0.047753
different,0.339686,0.382114,0.042428
different,0.288978,0.252033,0.036946
same,0.951185,0.967480,0.016294
different,0.307097,0.357724,0.050627
different,0.283230,0.279133,0.004097
different,0.200726,0.205962,0.005237
different,0.326113,0.294038,0.032075
different,0.321615,0.365854,0.044239
different,0.321250,0.331978,0.010728
different,0.262436,0.266938,0.004502
different,0.318056,0.357724,0.039668
different,0.286070,0.273713,0.012357
same,0.989270,0.990515,0.001245
same,0.952782,0.960705,0.007922
different,0.325773,0.356369,0.030595
different,0.300390,0.273713,0.026677
different,0.247874,0.257453,0.009579
different,0.341407,0.361789,0.020381
same,0.948675,0.951220,0.002544
different,0.295749,0.298103,0.002354
different,0.319460,0.266938,0.052522
same,0.869725,0.897019,0.027294
different,0.240271,0.266938,0.026667
different,0.286988,0.289973,0.002985
same,0.707495,0.677507,0.029989
different,0.200000,0.220867,0.020867
different,0.216134,0.235772,0.019638
different,0.298089,0.313008,0.014919
different,0.325530,0.322493,0.003036
different,0.166181,0.195122,0.028941
different,0.208841,0.210027,0.001186
different,0.272830,0.306233,0.033403
different,0.303145,0.306233,0.003088
different,0.265283,0.289973,0.024690
different,0.216849,0.201897,0.014952
different,0.239892,0.241192,0.001300
different,0.203065,0.219512,0.016447
different,0.292378,0.341463,0.049086
same,0.905028,0.939024,0.033996
same,0.866972,0.875339,0.008366
different,0.300832,0.313008,0.012176
different,0.330498,0.323848,0.006650
same,0.516569,0.542005,0.025436
different,0.321859,0.302168,0.019691
same,0.915049,0.936314,0.021266
same,0.918651,0.917344,0.001307
different,0.245690,0.260163,0.014473
different,0.264828,0.266938,0.002110
different,0.256917,0.230352,0.026565
same,0.422475,0.464770,0.042295
different,0.271132,0.281843,0.010710
same,0.395620,0.365854,0.029767
same,0.666667,0.681572,0.014905
different,0.288770,0.271003,0.017767
same,0.904232,0.909214,0.004982
different,0.336323,0.380759,0.044436
same,0.866667,0.850949,0.015718
different,0.310811,0.291328,0.019483
different,0.308627,0.304878,0.003749
different,0.317621,0.330623,0.013003
same,0.921053,0.926829,0.005777
different,0.370607,0.376694,0.006087
same,0.928983,0.943089,0.014107
different,0.291422,0.331978,0.040556
different,0.363942,0.346883,0.017058
same,0.933333,0.952575,0.019241
same,0.930288,0.953930,0.023641
different,0.359170,0.371274,0.012103
same,0.930618,0.937669,0.007051
different,0.357426,0.378049,0.020623
same,0.328488,0.302168,0.026320
same,0.881890,0.895664,0.013774
same,0.927383,0.940379,0.012997
different,0.273572,0.276423,0.002850
different,0.248832,0.264228,0.015396
same,0.914851,0.941734,0.026883
different,0.304009,0.308943,0.004934
different,0.243043,0.222222,0.020820
different,0.238903,0.275068,0.036164
same,0.938806,0.957995,0.019189
different,0.269071,0.264228,0.004843
different,0.284330,0.268293,0.016037
different,0.247140,0.260163,0.013023
different,0.218553,0.214092,0.004461
different,0.289116,0.329268,0.040153
different,0.330120,0.397019,0.066898
different,0.223388,0.252033,0.028644
different,0.273183,0.268293,0.004890
same,0.873239,0.865854,0.007386
different,0.312224,0.314363,0.002139
same,0.621479,0.623306,0.001827
same,0.950867,0.959350,0.008483
different,0.205021,0.195122,0.009899
different,0.338415,0.331978,0.006436
same,0.473322,0.501355,0.028033
different,0.303226,0.300813,0.002413
different,0.375940,0.386179,0.010239
different,0.322479,0.302168,0.020311
different,0.332326,0.356369,0.024042
different,0.314159,0.300813,0.013346
same,0.940407,0.940379,0.000028
same,0.875000,0.880759,0.005759
same,0.336700,0.295393,0.041307
different,0.253731,0.238482,0.015249
different,0.241341,0.227642,0.013699
same,0.938010,0.963415,0.025405
different,0.369906,0.348238,0.021667
different,0.245322,0.257453,0.012130
different,0.304729,0.304878,0.000150
different,0.276284,0.252033,0.024251
different,0.293632,0.294038,0.000406
same,0.979167,0.983740,0.004573
different,0.211890,0.228997,0.017107
same,0.401342,0.411924,0.010582
same,0.910946,0.910569,0.000377
same,0.938633,0.951220,0.012586
different,0.352853,0.353659,0.000806
different,0.318841,0.264228,0.054613
different,0.267213,0.272358,0.005145
different,0.300454,0.300813,0.000359
different,0.251256,0.250678,0.000579
different,0.280000,0.288618,0.008618
different,0.247012,0.279133,0.032121
same,0.948122,0.956640,0.008518
different,0.198151,0.181572,0.016579
same,0.924658,0.926829,0.002172
different,0.311586,0.323848,0.012262
different,0.209431,0.197832,0.011599
different,0.220365,0.237127,0.016763
different,0.355682,0.386179,0.030497
different,0.213592,0.239837,0.026245
different,0.281030,0.310298,0.029268
different,0.265742,0.306233,0.040491
different,0.286260,0.345528,0.059269
different,0.197026,0.185637,0.011389
different,0.241538,0.276423,0.034884
different,0.253863,0.235772,0.018091
same,0.925000,0.932249,0.007249
same,0.897210,0.928184,0.030974
different,0.285871,0.299458,0.013587
same,0.948529,0.951220,0.002690
different,0.309605,0.283198,0.026407
different,0.325260,0.331978,0.006719
same,0.507983,0.516260,0.008278
different,0.289805,0.304878,0.015073
different,0.279141,0.299458,0.020317
different,0.316689,0.311653,0.005035
same,0.936170,0.943089,0.006919
different,0.362205,0.368564,0.006359
different,0.340933,0.345528,0.004596
same,0.658153,0.695122,0.036969
same,0.943583,0.951220,0.007637
same,0.935018,0.945799,0.010781
different,0.224852,0.228997,0.004145
different,0.273598,0.279133,0.005535
different,0.270270,0.295393,0.025123
different,0.279102,0.257453,0.021650
same,0.931159,0.924119,0.007040
same,0.946830,0.932249,0.014581
same,0.961957,0.952575,0.009382
same,0.952816,0.949864,0.002951
same,0.868085,0.857724,0.010362
different,0.299113,0.327913,0.028800
different,0.289566,0.303523,0.013957
same,0.332168,0.378049,0.045881
different,0.389462,0.402439,0.012977
same,0.452347,0.443089,0.009258
different,0.273058,0.317073,0.044015
same,0.866419,0.842818,0.023601
same,0.406780,0.460705,0.053925
different,0.223647,0.253388,0.029741
same,0.892396,0.903794,0.011398
different,0.348422,0.391599,0.043176
different,0.316312,0.307588,0.008724
same,0.896806,0.928184,0.031378
different,0.202186,0.204607,0.002421
different,0.328194,0.345528,0.017335
same,0.904074,0.910569,0.006496
same,0.416431,0.402439,0.013992
different,0.286029,0.310298,0.024270
different,0.313158,0.294038,0.019120
same,0.931280,0.948509,0.017230
same,0.887584,0.906504,0.018920
different,0.225997,0.249322,0.023325
same,0.912886,0.939024,0.026139
different,0.270942,0.285908,0.014965
different,0.184932,0.192412,0.007480
same,0.843874,0.872629,0.028755
different,0.265903,0.265583,0.000321
same,0.930380,0.936314,0.005935
different,0.247021,0.242547,0.004473
different,0.360960,0.384824,0.023864
same,0.919132,0.929539,0.010407
different,0.221636,0.185637,0.035999
different,0.276773,0.304878,0.028105
different,0.278665,0.294038,0.015373
different,0.275683,0.291328,0.015645
same,0.882239,0.910569,0.028330
different,0.234279,0.235772,0.001494
different,0.260814,0.258808,0.002007
same,0.535503,0.547425,0.011923
same,0.927305,0.957995,0.030690
different,0.181941,0.207317,0.025376
different,0.363636,0.357724,0.005913
same,0.910537,0.918699,0.008162
different,0.372399,0.364499,0.007900
same,0.929368,0.941734,0.012366
same,0.732075,0.735772,0.003697
different,0.304009,0.307588,0.003579
same,0.915873,0.929539,0.013666
same,0.505226,0.468835,0.036392
different,0.256906,0.262873,0.005967
same,0.459689,0.464770,0.005081
different,0.256065,0.253388,0.002677
same,0.364312,0.367209,0.002896
different,0.256208,0.230352,0.025855
different,0.310384,0.250678,0.059706
different,0.313830,0.336043,0.022214
same,0.368807,0.372629,0.003821
different,0.278805,0.257453,0.021353
same,0.918919,0.910569,0.008350
different,0.285176,0.298103,0.012927
same,0.734432,0.733062,0.001370
different,0.310069,0.338753,0.028685
different,0.250329,0.284553,0.034223
different,0.306505,0.279133,0.027372
different,0.267427,0.283198,0.015771
different,0.230769,0.249322,0.018553
different,0.298182,0.310298,0.012116
same,0.865900,0.876694,0.010793
same,0.755337,0.803523,0.048186
different,0.216814,0.243902,0.027088
different,0.270341,0.337398,0.067057
different,0.294274,0.284553,0.009721
different,0.259074,0.269648,0.010574
different,0.387960,0.406504,0.018544
different,0.306277,0.330623,0.024346
different,0.250667,0.276423,0.025756
different,0.292096,0.275068,0.017028
different,0.298789,0.308943,0.010154
same,0.898470,0.922764,0.024294
different,0.326087,0.329268,0.003181
different,0.395692,0.433604,0.037913
different,0.302511,0.295393,0.007118
different,0.276350,0.277778,0.001428
different,0.281888,0.296748,0.014860
different,0.315104,0.337398,0.022294
different,0.234354,0.249322,0.014968
different,0.269275,0.268293,0.000982
different,0.258772,0.266938,0.008166
different,0.317726,0.319783,0.002057
same,0.903846,0.920054,0.016208
different,0.260631,0.288618,0.027987
same,0.927451,0.929539,0.002088
same,1.000000,1.000000,0.000000
different,0.337436,0.337398,0.000038
different,0.261947,0.230352,0.031595
different,0.276435,0.299458,0.023023
different,0.279539,0.273713,0.005826
different,0.362947,0.407859,0.044912
different,0.356994,0.333333,0.023660
different,0.297297,0.355014,0.057716
different,0.291123,0.299458,0.008335
different,0.270953,0.277778,0.006825
different,0.314746,0.345528,0.030782
different,0.319236,0.376694,0.057458
different,0.275485,0.277778,0.002292
different,0.271523,0.246612,0.024911
same,0.862559,0.875339,0.012780
different,0.350333,0.337398,0.012934
same,0.519393,0.517615,0.001778
same,0.850549,0.842818,0.007731
same,0.921676,0.933604,0.011929
different,0.205621,0.196477,0.009144
different,0.273349,0.284553,0.011204
different,0.220994,0.220867,0.000127
same,0.883994,0.882114,0.001880
different,0.297568,0.322493,0.024925
different,0.294686,0.323848,0.029162
different,0.266294,0.253388,0.012907
different,0.327511,0.401084,0.073573
same,0.375559,0.424119,0.048560
same,0.427683,0.428184,0.000502
different,0.363823,0.388889,0.025066
same,0.948407,0.956640,0.008233
different,0.214080,0.235772,0.021692
different,0.270166,0.246612,0.023554
different,0.209125,0.228997,0.019872
different,0.248843,0.252033,0.003190
different,0.177474,0.222222,0.044748
different,0.299886,0.275068,0.024818
same,0.937608,0.943089,0.005481
same,0.858086,0.915989,0.057903
different,0.214789,0.233062,0.018274
different,0.263434,0.279133,0.015699
different,0.268116,0.256098,0.012018
same,0.978155,0.986450,0.008295
different,0.241501,0.252033,0.010532
different,0.327195,0.368564,0.041368
different,0.344473,0.344173,0.000300
same,0.963265,0.960705,0.002561
different,0.269377,0.272358,0.002980
different,0.246606,0.266938,0.020331
different,0.321534,0.318428,0.003106
different,0.205497,0.211382,0.005885
same,0.929825,0.939024,0.009200
different,0.319588,0.342818,0.023231
same,0.333333,0.403794,0.070461
different,0.351230,0.341463,0.009767
same,0.865731,0.886179,0.020447
same,0.935433,0.949864,0.014431
different,0.275140,0.285908,0.010768
different,0.286915,0.319783,0.032868
same,0.788301,0.800813,0.012512
different,0.294479,0.318428,0.023950
same,1.000000,1.000000,0.000000
different,0.302583,0.359079,0.056496
different,0.298813,0.298103,0.000710
different,0.268507,0.266938,0.001569
different,0.337968,0.334688,0.003280
same,0.917667,0.917344,0.000323
same,0.932914,0.941734,0.008820
different,0.271338,0.284553,0.013215
different,0.276455,0.279133,0.002678
different,0.278261,0.258808,0.019453
different,0.314592,0.344173,0.029582
different,0.288158,0.313008,0.024850
different,0.246479,0.266938,0.020459
different,0.272352,0.276423,0.004071
same,0.945055,0.967480,0.022425
different,0.343991,0.337398,0.006593
different,0.285714,0.264228,0.021487
different,0.339891,0.363144,0.023253
same,0.519006,0.525745,0.006739
different,0.345297,0.336043,0.009254
different,0.246011,0.246612,0.000602
same,0.658397,0.639566,0.018831
different,0.284198,0.277778,0.006420
different,0.285908,0.304878,0.018970
same,0.589286,0.570461,0.018825
different,0.219645,0.218157,0.001488
same,0.925455,0.936314,0.010860
different,0.310502,0.300813,0.009689
same,0.859100,0.878049,0.018949
different,0.222222,0.260163,0.037940
different,0.231379,0.239837,0.008459
different,0.303639,0.341463,0.037825
different,0.309878,0.308943,0.000935
different,0.332484,0.371274,0.038790
different,0.365657,0.380759,0.015102
different,0.298765,0.348238,0.049473
same,0.855422,0.864499,0.009077
different,0.294457,0.336043,0.041586
different,0.323210,0.340108,0.016898
different,0.347509,0.367209,0.019700
same,0.908309,0.905149,0.003160
same,0.947368,0.960705,0.013336
different,0.307600,0.369919,0.062319
same,0.290276,0.284553,0.005723
different,0.170608,0.174797,0.004189
different,0.362486,0.367209,0.004723
different,0.287432,0.298103,0.010671
different,0.271137,0.277778,0.006641
same,0.897472,0.897019,0.000453
different,0.312925,0.291328,0.021597
different,0.206494,0.220867,0.014374
different,0.301166,0.314363,0.013197
same,0.459380,0.425474,0.033905
different,0.355263,0.414634,0.059371
different,0.303345,0.285908,0.017437
same,0.939922,0.907859,0.032063
different,0.324528,0.329268,0.004740
different,0.349845,0.346883,0.002962
same,0.644152,0.653117,0.008965
same,0.557103,0.513550,0.043553
same,0.896389,0.910569,0.014180
same,0.491071,0.512195,0.021124
same,0.936923,0.951220,0.014296
different,0.370031,0.367209,0.002822
different,0.274605,0.268293,0.006312
different,0.339896,0.386179,0.046282
different,0.272090,0.315718,0.043628
different,0.369231,0.382114,0.012883
different,0.317386,0.292683,0.024703
different,0.322176,0.291328,0.030848
different,0.297573,0.303523,0.005950
different,0.239669,0.228997,0.010672
different,0.420195,0.449864,0.029669
different,0.207398,0.231707,0.024310
different,0.326689,0.287263,0.039426
same,0.448225,0.415989,0.032236
same,0.926680,0.933604,0.006924
different,0.279706,0.279133,0.000573
same,0.779832,0.781843,0.002011
different,0.196721,0.212737,0.016016
different,0.351598,0.418699,0.067101
different,0.301314,0.304878,0.003564
different,0.298160,0.315718,0.017559
different,0.279951,0.287263,0.007312
same,0.885214,0.903794,0.018580
same,0.821206,0.827913,0.006707
different,0.183569,0.234417,0.050849
same,0.924188,0.937669,0.013482
different,0.265786,0.242547,0.023238
different,0.226119,0.224932,0.001186
different,0.261834,0.268293,0.006458
different,0.266501,0.288618,0.022117
different,0.252081,0.310298,0.058217
same,0.381958,0.428184,0.046227
different,0.261251,0.271003,0.009751
different,0.295794,0.321138,0.025344
different,0.314249,0.360434,0.046184
same,0.966372,0.966125,0.000247
same,0.905383,0.890244,0.015139
different,0.262533,0.265583,0.003050
different,0.187576,0.189702,0.002126
same,0.924433,0.948509,0.024076
different,0.265583,0.266938,0.001355
same,0.860177,0.868564,0.008387
same,0.554608,0.550136,0.004472
different,0.353698,0.378049,0.024351
different,0.315846,0.342818,0.026973
different,0.312287,0.330623,0.018337
different,0.281792,0.276423,0.005369
same,0.908735,0.917344,0.008609
same,0.562753,0.556911,0.005842
different,0.326493,0.336043,0.009551
different,0.272011,0.264228,0.007783
same,0.920755,0.930894,0.010140
different,0.224675,0.215447,0.009228
same,0.933635,0.934959,0.001324
different,0.292257,0.317073,0.024816
different,0.283175,0.268293,0.014883
different,0.200798,0.228997,0.028199
different,0.344743,0.323848,0.020895
same,0.940278,0.952575,0.012297
different,0.327566,0.315718,0.011848
same,0.635135,0.612466,0.022669
same,0.406639,0.425474,0.018835
different,0.318182,0.306233,0.011949
different,0.276836,0.289973,0.013137
different,0.330519,0.311653,0.018866
different,0.265464,0.199187,0.066277
different,0.288299,0.250678,0.037622
different,0.193929,0.220867,0.026938
different,0.231144,0.246612,0.015469
different,0.242119,0.246612,0.004494
different,0.260442,0.266938,0.006495
different,0.309032,0.258808,0.050224
different,0.266129,0.276423,0.010294
different,0.178191,0.196477,0.018285
different,0.209076,0.227642,0.018566
different,0.273537,0.266938,0.006599
same,0.729981,0.753388,0.023406
different,0.268414,0.299458,0.031044
same,0.958159,0.932249,0.025910
same,0.888587,0.915989,0.027402
different,0.311475,0.318428,0.006953
different,0.259524,0.254743,0.004781
same,0.872987,0.888889,0.015901
different,0.226614,0.226287,0.000327
different,0.238976,0.262873,0.023897
different,0.294872,0.264228,0.030644
different,0.292289,0.298103,0.005814
same,0.908929,0.911924,0.002996
different,0.324910,0.330623,0.005714
different,0.295238,0.303523,0.008285
same,0.656195,0.659892,0.003696
different,0.244083,0.238482,0.005600
same,0.950673,0.962060,0.011387
same,0.687117,0.665312,0.021805
same,0.828194,0.848238,0.020045
different,0.396552,0.425474,0.028923
different,0.228717,0.252033,0.023316
different,0.216339,0.223577,0.007238
same,0.472454,0.501355,0.028901
different,0.294675,0.285908,0.008767
different,0.336296,0.337398,0.001102
same,0.903879,0.901084,0.002795
same,0.903274,0.907859,0.004585
different,0.265711,0.258808,0.006904
same,0.857430,0.884824,0.027394
different,0.349845,0.344173,0.005672
different,0.207268,0.204607,0.002661
different,0.292186,0.285908,0.006278
same,0.959746,0.960705,0.000959
same,0.948113,0.963415,0.015301
different,0.268539,0.272358,0.003818
different,0.325282,0.348238,0.022957
different,0.275862,0.266938,0.008924
different,0.309434,0.308943,0.000491
different,0.238532,0.256098,0.017565
different,0.378438,0.420054,0.041616
different,0.313648,0.311653,0.001995
same,0.631858,0.669377,0.037518
different,0.301329,0.298103,0.003226
different,0.336614,0.367209,0.030594
same,0.929099,0.944444,0.015345
different,0.256348,0.262873,0.006524
different,0.340426,0.357724,0.017298
different,0.309979,0.291328,0.018651
same,0.594915,0.594851,0.000064
same,0.636986,0.663957,0.026970
