stage,portal_id,notices,candidate_assignments,avg_candidates,max_candidates
before,P094,1426,28505,19.99,349
before,P006,792,16188,20.44,360
before,P003,772,15757,20.41,390
before,P004,755,14941,19.79,327
before,P001,778,14880,19.13,347
before,P002,800,14488,18.11,334
before,P005,768,13846,18.03,301
before,P240,377,8364,22.19,335
before,P020,384,6826,17.78,298
before,P088,97,3971,40.94,361
before,P044,224,3807,17.00,291
before,P215,153,3771,24.65,316
before,P227,107,2771,25.90,331
before,P181,133,2512,18.89,283
before,P167,48,2384,49.67,289
before,P189,90,2194,24.38,331
before,P136,91,1830,20.11,281
before,P146,79,1720,21.77,329
before,P232,79,1565,19.81,273
before,P235,53,1545,29.15,317
before,P200,79,1500,18.99,271
before,P096,55,1469,26.71,277
before,P141,46,1372,29.83,296
before,P073,69,1349,19.55,330
before,P031,31,1295,41.77,284
before,P241,48,1294,26.96,276
before,P217,32,1243,38.84,349
before,P081,27,1189,44.04,277
before,P056,27,1106,40.96,299
before,P137,24,1098,45.75,346
before,P091,36,1076,29.89,277
before,P069,39,1073,27.51,279
before,P242,22,1029,46.77,289
before,P216,45,1026,22.80,293
before,P214,35,1011,28.89,314
before,P175,26,1006,38.69,279
before,P207,40,996,24.90,280
before,P028,37,981,26.51,296
before,P097,38,976,25.68,272
before,P143,21,973,46.33,279
before,P183,43,967,22.49,274
before,P042,31,952,30.71,288
before,P041,41,950,23.17,280
before,P166,25,915,36.60,283
before,P228,53,915,17.26,351
before,P180,37,898,24.27,327
before,P225,36,889,24.69,296
before,P152,16,870,54.38,316
before,P089,32,807,25.22,308
before,P129,35,807,23.06,303
before,P014,36,785,21.81,276
before,P229,45,770,17.11,278
before,P061,35,741,21.17,337
before,P239,23,716,31.13,283
before,P017,15,677,45.13,275
before,P026,30,658,21.93,290
before,P255,45,654,14.53,118
before,P238,45,647,14.38,181
before,P072,11,633,57.55,286
before,P021,35,627,17.91,77
before,P195,32,621,19.41,276
before,P231,19,582,30.63,342
before,P179,16,579,36.19,300
before,P071,33,576,17.45,129
before,P178,5,575,115.00,281
before,P184,26,559,21.50,274
before,P099,16,549,34.31,273
before,P052,12,525,43.75,275
before,P203,19,518,27.26,116
before,P065,21,515,24.52,277
before,P060,22,515,23.41,288
before,P101,8,512,64.00,271
before,P199,23,509,22.13,175
before,P120,54,506,9.37,130
before,P077,20,500,25.00,273
before,P147,19,494,26.00,276
before,P019,7,477,68.14,294
before,P172,26,476,18.31,104
before,P122,44,474,10.77,115
before,P049,19,467,24.58,272
before,P211,30,463,15.43,117
before,P106,37,449,12.14,69
before,P182,12,448,37.33,307
before,P168,18,437,24.28,115
before,P036,14,420,30.00,277
before,P191,21,412,19.62,74
before,P075,13,408,31.38,274
before,P057,33,406,12.30,57
before,P018,10,406,40.60,277
before,P027,18,404,22.44,93
before,P059,17,402,23.65,116
before,P062,11,375,34.09,142
before,P204,8,366,45.75,280
before,P133,14,364,26.00,151
before,P156,10,360,36.00,277
before,P013,110,352,3.20,32
before,P095,8,347,43.38,308
before,P085,5,347,69.40,314
before,P144,9,345,38.33,280
before,P188,6,330,55.00,299
before,P087,22,328,14.91,54
before,P213,19,315,16.58,115
before,P259,9,310,34.44,272
before,P253,13,307,23.62,86
before,P221,83,306,3.69,18
before,P249,11,305,27.73,140
before,P246,34,304,8.94,56
before,P055,4,302,75.50,275
before,P033,6,301,50.17,272
before,P257,22,300,13.64,94
before,P098,32,294,9.19,127
before,P053,26,290,11.15,42
before,P236,16,289,18.06,83
before,P009,4,286,71.50,272
before,P074,3,285,95.00,273
before,P063,18,272,15.11,115
before,P112,23,272,11.83,38
before,P219,20,266,13.30,71
before,P185,11,264,24.00,117
before,P116,23,261,11.35,114
before,P058,19,261,13.74,54
before,P210,8,259,32.38,181
before,P134,9,253,28.11,68
before,P076,6,252,42.00,110
before,P194,15,240,16.00,71
before,P177,9,230,25.56,116
before,P086,12,227,18.92,50
before,P105,20,225,11.25,58
before,P237,6,221,36.83,134
before,P222,18,217,12.06,75
before,P068,10,214,21.40,121
before,P248,14,213,15.21,86
before,P202,30,208,6.93,29
before,P208,13,193,14.85,68
before,P163,14,192,13.71,52
before,P196,14,191,13.64,61
before,P223,12,185,15.42,42
before,P064,20,183,9.15,26
before,P243,7,177,25.29,79
before,P040,12,174,14.50,43
before,P047,15,170,11.33,64
before,P038,16,168,10.50,26
before,P010,7,165,23.57,61
before,P121,7,164,23.43,114
before,P103,9,164,18.22,68
before,P260,13,162,12.46,31
before,P148,11,159,14.45,84
before,P190,11,158,14.36,97
before,P250,18,156,8.67,51
before,P048,15,151,10.07,41
before,P127,15,151,10.07,74
before,P226,5,150,30.00,144
before,P039,14,148,10.57,43
before,P170,13,147,11.31,60
before,P104,12,146,12.17,69
before,P078,11,145,13.18,56
before,P159,10,142,14.20,76
before,P130,5,140,28.00,71
before,P054,13,139,10.69,35
before,P124,11,136,12.36,85
before,P111,14,136,9.71,63
before,P165,10,130,13.00,72
before,P083,6,129,21.50,82
before,P131,21,126,6.00,32
before,P045,9,126,14.00,55
before,P050,10,124,12.40,51
before,P193,10,117,11.70,39
before,P100,10,115,11.50,30
before,P051,7,113,16.14,48
before,P234,11,106,9.64,31
before,P135,6,103,17.17,59
before,P067,8,102,12.75,64
before,P198,7,98,14.00,31
before,P224,7,98,14.00,36
before,P128,4,98,24.50,53
before,P046,34,98,2.88,14
before,P139,9,95,10.56,42
before,P024,12,93,7.75,20
before,P043,7,92,13.14,44
before,P118,2,89,44.50,50
before,P102,6,89,14.83,27
before,P258,10,88,8.80,26
before,P029,8,88,11.00,45
before,P192,12,85,7.08,19
before,P176,5,82,16.40,51
before,P157,6,81,13.50,48
before,P079,6,79,13.17,37
before,P030,5,78,15.60,37
before,P158,7,75,10.71,27
before,P155,4,75,18.75,72
before,P230,6,75,12.50,25
before,P162,7,74,10.57,31
before,P023,7,73,10.43,40
before,P218,7,72,10.29,22
before,P080,6,72,12.00,24
before,P093,7,71,10.14,20
before,P007,11,71,6.45,25
before,P035,11,71,6.45,13
before,P197,10,70,7.00,13
before,P206,4,70,17.50,39
before,P160,11,69,6.27,20
before,P138,8,65,8.13,24
before,P108,9,65,7.22,16
before,P016,13,63,4.85,12
before,P034,10,59,5.90,16
before,P142,22,58,2.64,10
before,P244,22,58,2.64,11
before,P037,13,57,4.38,12
before,P115,8,56,7.00,19
before,P174,6,55,9.17,17
before,P154,5,54,10.80,24
before,P011,11,53,4.82,12
before,P140,14,53,3.79,13
before,P150,7,53,7.57,16
before,P109,8,52,6.50,20
before,P173,6,51,8.50,16
before,P161,5,50,10.00,32
before,P169,6,49,8.17,17
before,P151,14,49,3.50,19
before,P113,7,49,7.00,25
before,P164,4,47,11.75,25
before,P012,7,45,6.43,23
before,P209,19,42,2.21,7
before,P084,14,42,3.00,10
before,P090,9,42,4.67,8
before,P032,6,42,7.00,14
before,P114,11,41,3.73,12
before,P205,6,39,6.50,14
before,P247,6,38,6.33,25
before,P153,13,38,2.92,8
before,P125,4,38,9.50,19
before,P212,2,38,19.00,33
before,P145,7,36,5.14,19
before,P251,4,35,8.75,16
before,P132,4,35,8.75,15
before,P220,5,31,6.20,25
before,P186,5,28,5.60,16
before,P245,7,27,3.86,12
before,P187,5,26,5.20,15
before,P149,2,26,13.00,21
before,P107,10,26,2.60,7
before,P117,12,24,2.00,11
before,P252,5,24,4.80,6
before,P171,2,23,11.50,18
before,P025,8,22,2.75,6
before,P110,2,22,11.00,15
before,P256,3,21,7.00,10
before,P015,8,19,2.38,6
before,P070,6,18,3.00,9
before,P008,10,18,1.80,4
before,P092,4,16,4.00,7
before,P254,9,16,1.78,6
before,P082,2,15,7.50,8
before,P201,4,15,3.75,8
before,P233,7,13,1.86,4
before,P066,6,12,2.00,6
before,P119,2,11,5.50,8
before,P126,3,8,2.67,8
before,P022,4,8,2.00,3
before,P123,4,8,2.00,4
after,P094,1426,17884,12.54,160
after,P006,792,10698,13.51,129
after,P003,772,10589,13.72,126
after,P001,778,10508,13.51,130
after,P002,800,10449,13.06,161
after,P005,768,10373,13.51,169
after,P004,755,9563,12.67,136
after,P020,384,4927,12.83,119
after,P240,377,4231,11.22,165
after,P044,224,3050,13.62,102
after,P215,153,1944,12.71,71
after,P181,133,1861,13.99,104
after,P088,97,1714,17.67,119
after,P227,107,1469,13.73,73
after,P189,90,1328,14.76,125
after,P232,79,1190,15.06,79
after,P200,79,1116,14.13,154
after,P136,91,1075,11.81,99
after,P146,79,1068,13.52,64
after,P167,48,928,19.33,106
after,P241,48,918,19.13,102
after,P073,69,810,11.74,73
after,P235,53,734,13.85,79
after,P207,40,729,18.23,100
after,P141,46,722,15.70,71
after,P097,38,710,18.68,78
after,P041,41,679,16.56,79
after,P096,55,666,12.11,66
after,P228,53,648,12.23,84
after,P021,35,627,17.91,77
after,P071,33,576,17.45,129
after,P255,45,542,12.04,61
after,P091,36,541,15.03,89
after,P238,45,536,11.91,70
after,P129,35,536,15.31,92
after,P225,36,509,14.14,71
after,P120,54,506,9.37,130
after,P229,45,500,11.11,66
after,P216,45,493,10.96,55
after,P061,35,478,13.66,74
after,P172,26,476,18.31,104
after,P214,35,471,13.46,64
after,P175,26,466,17.92,104
after,P056,27,460,17.04,50
after,P106,37,449,12.14,69
after,P028,37,443,11.97,69
after,P217,32,443,13.84,84
after,P143,21,438,20.86,69
after,P069,39,429,11.00,74
after,P183,43,427,9.93,68
after,P089,32,427,13.34,47
after,P042,31,418,13.48,82
after,P191,21,412,19.62,74
after,P014,36,410,11.39,52
after,P057,33,406,12.30,57
after,P027,18,404,22.44,93
after,P026,30,387,12.90,54
after,P081,27,385,14.26,65
after,P031,31,375,12.10,63
after,P180,37,366,9.89,73
after,P133,14,364,26.00,151
after,P122,44,362,8.23,60
after,P195,32,355,11.09,65
after,P013,110,352,3.20,32
after,P211,30,351,11.70,68
after,P239,23,336,14.61,81
after,P152,16,335,20.94,50
after,P087,22,328,14.91,54
after,P168,18,327,18.17,110
after,P179,16,315,19.69,58
after,P231,19,312,16.42,73
after,P253,13,307,23.62,86
after,P221,83,306,3.69,18
after,P249,11,305,27.73,140
after,P246,34,304,8.94,56
after,P257,22,300,13.64,94
after,P203,19,298,15.68,67
after,P137,24,296,12.33,78
after,P017,15,296,19.73,81
after,P059,17,290,17.06,70
after,P053,26,290,11.15,42
after,P236,16,289,18.06,83
after,P199,23,288,12.52,67
after,P099,16,280,17.50,80
after,P112,23,272,11.83,38
after,P062,11,266,24.18,83
after,P219,20,266,13.30,71
after,P166,25,266,10.64,50
after,P058,19,261,13.74,54
after,P052,12,259,21.58,113
after,P134,9,253,28.11,68
after,P076,6,252,42.00,110
after,P060,22,246,11.18,43
after,P065,21,244,11.62,62
after,P101,8,243,30.38,112
after,P194,15,240,16.00,71
after,P077,20,232,11.60,57
after,P242,22,229,10.41,53
after,P147,19,228,12.00,63
after,P086,12,227,18.92,50
after,P105,20,225,11.25,58
after,P222,18,217,12.06,75
after,P248,14,213,15.21,86
after,P019,7,208,29.71,84
after,P202,30,208,6.93,29
after,P213,19,207,10.89,64
after,P049,19,198,10.42,74
after,P208,13,193,14.85,68
after,P163,14,192,13.71,52
after,P196,14,191,13.64,61
after,P098,32,185,5.78,18
after,P223,12,185,15.42,42
after,P182,12,184,15.33,60
after,P064,20,183,9.15,26
after,P184,26,181,6.96,44
after,P243,7,177,25.29,79
after,P040,12,174,14.50,43
after,P047,15,170,11.33,64
after,P038,16,168,10.50,26
after,P010,7,165,23.57,61
after,P103,9,164,18.22,68
after,P260,13,162,12.46,31
after,P063,18,159,8.83,21
after,P148,11,159,14.45,84
after,P190,11,158,14.36,97
after,P250,18,156,8.67,51
after,P036,14,153,10.93,51
after,P185,11,152,13.82,47
after,P048,15,151,10.07,41
after,P127,15,151,10.07,74
after,P116,23,150,6.52,20
after,P210,8,148,18.50,70
after,P039,14,148,10.57,43
after,P170,13,147,11.31,60
after,P104,12,146,12.17,69
after,P078,11,145,13.18,56
after,P075,13,143,11.00,59
after,P159,10,142,14.20,76
after,P130,5,140,28.00,71
after,P054,13,139,10.69,35
after,P018,10,137,13.70,81
after,P124,11,136,12.36,85
after,P111,14,136,9.71,63
after,P165,10,130,13.00,72
after,P083,6,129,21.50,82
after,P045,9,126,14.00,55
after,P131,21,126,6.00,32
after,P050,10,124,12.40,51
after,P177,9,117,13.00,43
after,P193,10,117,11.70,39
after,P100,10,115,11.50,30
after,P051,7,113,16.14,48
after,P237,6,113,18.83,41
after,P234,11,106,9.64,31
after,P135,6,103,17.17,59
after,P067,8,102,12.75,64
after,P068,10,101,10.10,43
after,P224,7,98,14.00,36
after,P128,4,98,24.50,53
after,P072,11,98,8.91,25
after,P198,7,98,14.00,31
after,P046,34,98,2.88,14
after,P204,8,96,12.00,45
after,P139,9,95,10.56,42
after,P024,12,93,7.75,20
after,P043,7,92,13.14,44
after,P102,6,89,14.83,27
after,P118,2,89,44.50,50
after,P156,10,89,8.90,26
after,P258,10,88,8.80,26
after,P029,8,88,11.00,45
after,P192,12,85,7.08,19
after,P085,5,83,16.60,50
after,P176,5,82,16.40,51
after,P157,6,81,13.50,48
after,P079,6,79,13.17,37
after,P095,8,79,9.88,40
after,P030,5,78,15.60,37
after,P158,7,75,10.71,27
after,P230,6,75,12.50,25
after,P155,4,75,18.75,72
after,P144,9,74,8.22,19
after,P162,7,74,10.57,31
after,P023,7,73,10.43,40
after,P080,6,72,12.00,24
after,P218,7,72,10.29,22
after,P093,7,71,10.14,20
after,P035,11,71,6.45,13
after,P007,11,71,6.45,25
after,P197,10,70,7.00,13
after,P206,4,70,17.50,39
after,P160,11,69,6.27,20
after,P108,9,65,7.22,16
after,P138,8,65,8.13,24
after,P016,13,63,4.85,12
after,P188,6,61,10.17,30
after,P034,10,59,5.90,16
after,P142,22,58,2.64,10
after,P244,22,58,2.64,11
after,P037,13,57,4.38,12
after,P115,8,56,7.00,19
after,P174,6,55,9.17,17
after,P154,5,54,10.80,24
after,P140,14,53,3.79,13
after,P011,11,53,4.82,12
after,P150,7,53,7.57,16
after,P109,8,52,6.50,20
after,P173,6,51,8.50,16
after,P121,7,51,7.29,21
after,P161,5,50,10.00,32
after,P113,7,49,7.00,25
after,P151,14,49,3.50,19
after,P169,6,49,8.17,17
after,P164,4,47,11.75,25
after,P012,7,45,6.43,23
after,P032,6,42,7.00,14
after,P209,19,42,2.21,7
after,P090,9,42,4.67,8
after,P084,14,42,3.00,10
after,P226,5,41,8.20,35
after,P114,11,41,3.73,12
after,P205,6,39,6.50,14
after,P259,9,39,4.33,13
after,P212,2,38,19.00,33
after,P247,6,38,6.33,25
after,P153,13,38,2.92,8
after,P125,4,38,9.50,19
after,P178,5,37,7.40,14
after,P055,4,37,9.25,11
after,P145,7,36,5.14,19
after,P132,4,35,8.75,15
after,P251,4,35,8.75,16
after,P220,5,31,6.20,25
after,P033,6,30,5.00,15
after,P186,5,28,5.60,16
after,P245,7,27,3.86,12
after,P107,10,26,2.60,7
after,P149,2,26,13.00,21
after,P187,5,26,5.20,15
after,P117,12,24,2.00,11
after,P252,5,24,4.80,6
after,P171,2,23,11.50,18
after,P025,8,22,2.75,6
after,P110,2,22,11.00,15
after,P256,3,21,7.00,10
after,P015,8,19,2.38,6
after,P008,10,18,1.80,4
after,P009,4,18,4.50,11
after,P070,6,18,3.00,9
after,P074,3,17,5.67,8
after,P092,4,16,4.00,7
after,P254,9,16,1.78,6
after,P082,2,15,7.50,8
after,P201,4,15,3.75,8
after,P233,7,13,1.86,4
after,P066,6,12,2.00,6
after,P119,2,11,5.50,8
after,P022,4,8,2.00,3
after,P126,3,8,2.67,8
after,P123,4,8,2.00,4
